drug_name,smiles,expected_formula
Alprazolam,CC1=NN=C2CN=C(c3ccccc3)c3cc(Cl)ccc3-n12,C17H13ClN4
Amlodipine,CCOC(=O)C1=C(COCCN)NC(C)=C(C(=O)OC)C1c1ccccc1Cl,C20H25ClN2O5
Amoxicillin,CC1(C)S[C@@H]2[C@H](NC(=O)[C@H](N)c3ccc(O)cc3)C(=O)N2[C@H]1C(=O)O,C16H19N3O5S
Aspirin,CC(=O)Oc1ccccc1C(=O)O,C9H8O4
Atorvastatin,CC(C)c1c(C(=O)Nc2ccccc2)c(-c2ccc(F)cc2)c(-c2ccccc2)n1CC[C@@H](O)C[C@@H](O)CC(=O)O,C33H35FN2O5
Azithromycin,CC[C@@H]1OC(=O)[C@H](C)[C@@H](O[C@H]2C[C@@](C)(OC)[C@@H](O)[C@H](C)O2)[C@H](C)[C@@H](O[C@@H]2O[C@H](C)C[C@@H]([C@H]2O)N(C)C)[C@](C)(O)C[C@@H](C)CN(C)[C@H](C)[C@@H](O)[C@]1(C)O,C38H72N2O12
Bupropion,CC(NC(C)(C)C)C(=O)c1cccc(Cl)c1,C13H18ClNO
Celecoxib,Cc1ccc(-c2cc(C(F)(F)F)nn2-c2ccc(S(N)(=O)=O)cc2)cc1,C17H14F3N3O2S
Ciprofloxacin,OC(=O)c1cn(C2CC2)c2cc(N3CCNCC3)c(F)cc2c1=O,C17H18FN3O3
Clopidogrel,COC(=O)C(c1ccccc1Cl)N1CCc2sccc2C1,C16H16ClNO2S
Diazepam,CN1c2ccc(Cl)cc2C(=NCC1=O)c1ccccc1,C16H13ClN2O
Diphenhydramine,CN(C)CCOC(c1ccccc1)c1ccccc1,C17H21NO
Duloxetine,CNCCC(Oc1cccc2ccccc12)c1cccs1,C18H19NOS
Dutasteride,O=C(Nc1cc(C(F)(F)F)cc(C(F)(F)F)c1)[C@@H]1CC[C@H]2[C@@H]3CC[C@@H]4NC(=O)C=C[C@]4(C)[C@H]3CC[C@]12C,C27H30F6N2O2
Enalapril,CCOC(=O)C(CCc1ccccc1)N[C@@H](C)C(=O)N1CCC[C@H]1C(=O)O,C20H28N2O5
Famotidine,NC(N)=Nc1nc(CSCCC(N)=NS(N)(=O)=O)cs1,C8H15N7O2S3
Finasteride,CC(C)(C)NC(=O)[C@@H]1CC[C@H]2[C@@H]3CC[C@@H]4NC(=O)C=C[C@]4(C)[C@H]3CC[C@]12C,C23H36N2O2
Fluoxetine,CNCCC(Oc1ccc(C(F)(F)F)cc1)c1ccccc1,C17H18F3NO
Gabapentin,NCC1(CC(=O)O)CCCCC1,C9H17NO2
Hydralazine,NNc1nnc2ccccc2c1,C8H8N4
Hydrocortisone,CC12CCC(=O)C=C1CCC1C2C(O)CC2(C)C1CCC2(O)C(=O)CO,C21H30O5
Hydroxyzine,OCCOCCN1CCN(C(c2ccccc2)c2ccc(Cl)cc2)CC1,C21H27ClN2O2
Ibuprofen,CC(C)Cc1ccc(C(C)C(=O)O)cc1,C13H18O2
Lenalidomide,Nc1cccc2c1CN(C1CCC(=O)NC1=O)C2=O,C13H13N3O3
Levothyroxine,N[C@@H](Cc1cc(I)c(Oc2cc(I)c(O)c(I)c2)c(I)c1)C(=O)O,C15H11I4NO4
Lisinopril,NCCCC[C@H](N[C@@H](CCc1ccccc1)C(=O)O)C(=O)N1CCC[C@H]1C(=O)O,C21H31N3O5
Loratadine,CCOC(=O)N1CCC(=C2c3ccc(Cl)cc3CCc3cccnc32)CC1,C22H23ClN2O2
Losartan,CCCCc1nc(Cl)c(CO)n1Cc1ccc(-c2ccccc2-c2nnn[nH]2)cc1,C22H23ClN6O
Metformin,CN(C)C(=N)NC(=N)N,C4H11N5
Methylphenidate,COC(=O)C(C1CCCCN1)c1ccccc1,C14H19NO2
Metoprolol,COCCc1ccc(OCC(O)CNC(C)C)cc1,C15H25NO3
Minoxidil,Nc1cc(N2CCCCC2)nc(N)[n+]1[O-],C9H15N5O
Modafinil,NC(=O)CS(=O)C(c1ccccc1)c1ccccc1,C15H15NO2S
Morphine,CN1CC[C@]23c4c5ccc(O)c4O[C@H]2[C@@H](O)C=C[C@H]3[C@H]1C5,C17H19NO3
Naproxen,COc1ccc2cc(C(C)C(=O)O)ccc2c1,C14H14O3
Olanzapine,Cc1cc2Nc3sccc3C(=Nc2cc1)N1CCN(C)CC1,C17H20N4S
Omeprazole,COc1ccc2[nH]c(S(=O)Cc3ncc(C)c(OC)c3C)nc2c1,C17H19N3O3S
Paroxetine,Fc1ccc(cc1)[C@H]1CCNC[C@@H]1COc1ccc2OCOc2c1,C19H20FNO3
Pomalidomide,Nc1cccc2c1C(=O)N(C1CCC(=O)NC1=O)C2=O,C13H11N3O4
Prednisone,CC12CC(=O)C3C(CCC4=CC(=O)C=CC34C)C1CCC2(O)C(=O)CO,C21H26O5
Pregabalin,CC(C)CC(CN)CC(=O)O,C8H17NO2
Propranolol,CC(C)NCC(O)COc1cccc2ccccc12,C16H21NO2
Quetiapine,OCCOCCN1CCN(CC1)C1=Nc2ccccc2Sc2ccccc21,C21H25N3O2S
Raloxifene,OC1=CC=C(C=C1)C1=C(SC2=CC(O)=CC=C12)C(=O)C1=CC=C(OCCN2CCCCC2)C=C1,C28H27NO4S
Risperidone,CC1=C(CCN2CCC(CC2)C2=NOC3=CC(F)=CC=C23)C(=O)N2CCCCC2=N1,C23H27FN4O2
Rosuvastatin,CC(C)c1nc(N(C)S(C)(=O)=O)nc(-c2ccc(F)cc2)c1/C=C/[C@@H](O)C[C@@H](O)CC(=O)O,C22H28FN3O6S
Sertraline,CNC1CCC(c2ccc(Cl)c(Cl)c2)c2ccccc21,C17H17Cl2N
Sildenafil,CCCc1nn(C)c2c1nc([nH]c2=O)-c1cc(ccc1OCC)S(=O)(=O)N1CCN(C)CC1,C22H30N6O4S
Simvastatin,CCC(C)(C)C(=O)O[C@H]1C[C@@H](C)C=C2C=C[C@H](C)[C@H](CC[C@@H]3C[C@@H](O)CC(=O)O3)[C@@H]12,C25H38O5
Sitagliptin,N[C@@H](CC(=O)N1CCn2c(nnc2C(F)(F)F)C1)Cc1cc(F)c(F)cc1F,C16H15F6N5O
Tadalafil,O=C1N(C)C(=O)[C@@H]2Cc3c([nH]c4ccccc34)[C@H]2N1Cc1ccc2c(c1)OCO2,C22H19N3O4
Tamoxifen,CC/C(=C(\c1ccccc1)c1ccc(OCCN(C)C)cc1)c1ccccc1,C26H29NO
Thalidomide,O=C1CCC(N2C(=O)c3ccccc3C2=O)C(=O)N1,C13H10N2O4
Topiramate,CC1(C)OC2COC3(COS(N)(=O)=O)OC(C)(C)OC3C2O1,C12H21NO8S
Tramadol,COc1cccc(C2(O)CCCCC2CN(C)C)c1,C16H25NO2
Valproate,CCCC(CCC)C(=O)O,C8H16O2
Vardenafil,CCCc1nc2c(c(=O)[nH]1)n(C)nc2-c1cc(ccc1OCC)S(=O)(=O)N1CCN(CC)CC1,C23H32N6O4S
Varenicline,C1NC2CC1Cc1cc3nccnc3cc12,C13H13N3
Venlafaxine,COc1ccc(C(CN(C)C)C2(O)CCCCC2)cc1,C17H27NO2
Warfarin,CC(=O)CC(c1ccccc1)c1c(O)c2ccccc2oc1=O,C19H16O4
Cocaine,COC(=O)[C@H]1[C@@H](OC(=O)c2ccccc2)C[C@H]2CC[C@@H]1N2C,C17H21NO4
Methamphetamine,CNC(C)Cc1ccccc1,C10H15N
Ketamine,CNC1(CCCCC1=O)c1ccccc1Cl,C13H16ClNO
Spironolactone,CC(=O)S[C@@H]1CC2=CC(=O)CC[C@]2(C)[C@H]2CC[C@]3(C)[C@@H](CC[C@@]34CCC(=O)O4)[C@@H]12,C24H32O4S
Ramipril,CCOC(=O)[C@H](CCc1ccccc1)N[C@@H](C)C(=O)N1[C@H]2CCC[C@H]2C[C@H]1C(=O)O,C23H32N2O5
Estradiol,C[C@]12CC[C@H]3[C@@H](CCc4cc(O)ccc43)[C@@H]1CC[C@@H]2O,C18H24O2
Atenolol,CC(C)NCC(O)COc1ccc(CC(N)=O)cc1,C14H22N2O3
Carvedilol,COc1ccccc1OCCNCC(O)COc1cccc2[nH]c3ccccc3c12,C24H26N2O4
Diltiazem,CC(=O)O[C@H]1[C@H](c2ccc(OC)cc2)Sc2ccccc2N(CCN(C)C)C1=O,C22H26N2O4S
Verapamil,COc1ccc(CCN(C)CCCC(C#N)(c2ccc(OC)c(OC)c2)C(C)C)cc1OC,C27H38N2O4
Clonidine,C1CN=C(N1)Nc1c(Cl)cccc1Cl,C9H9Cl2N3
Tamsulosin,COc1ccccc1OCCNC(C)Cc1ccc(OC)c(S(N)(=O)=O)c1,C20H28N2O5S
Doxazosin,COc1cc2nc(nc(N)c2cc1OC)N1CCN(C(=O)C2CCCO2)CC1,C23H25N5O5
Furosemide,NS(=O)(=O)c1cc(C(=O)O)c(NCc2ccco2)cc1Cl,C12H11ClN2O5S
Hydrochlorothiazide,NS(=O)(=O)c1cc2c(cc1Cl)NCNS2(=O)=O,C7H8ClN3O4S2
Amiodarone,CCCCc1oc2ccccc2c1C(=O)c1cc(I)c(OCCN(CC)CC)c(I)c1,C25H29I2NO3
Apixaban,COc1ccc(-n2nc(C(N)=O)c3c2CCN(c2ccc(N4CCCCC4=O)cc2)C3=O)cc1,C25H25N5O4
Rivaroxaban,Clc1ccc(s1)C(=O)NCC1CN(c2ccc(cc2)N2CCOCC2=O)C(=O)O1,C19H18ClN3O5S
Empagliflozin,Clc1ccc(Cc2cc3c(cc2OCC2CCOCC2)OC(CO)C(O)C(O)C3O)cc1,C23H27ClO7
Glipizide,Cc1cnc(cn1)C(=O)NCCc1ccc(cc1)S(=O)(=O)NC(=O)NC1CCCCC1,C21H27N5O4S
Pioglitazone,CCc1ccc(CCOc2ccc(CC3SC(=O)NC3=O)cc2)nc1,C19H20N2O3S
Fluconazole,OC(Cn1cncn1)(Cn1cncn1)c1ccc(F)cc1F,C13H12F2N6O
Acyclovir,Nc1nc2c(ncn2COCCO)c(=O)[nH]1,C8H11N5O3
Oseltamivir,CCOC(=O)C1=CC(OC(CC)CC)C(N)C(NC(C)=O)C1,C16H28N2O4
Metronidazole,Cc1ncc([N+](=O)[O-])n1CCO,C6H9N3O3
Doxycycline,CC1c2cccc(O)c2C(=O)C2=C(O)C3(O)C(=O)C(C(N)=O)=C(O)C(N(C)C)C3C(=O)C12,C22H24N2O8
Hydroxychloroquine,CCN(CCO)CCCC(C)Nc1ccnc2cc(Cl)ccc12,C18H26ClN3O
Allopurinol,O=c1[nH]cnc2[nH]ncc12,C5H4N4O
Alendronate,NCCCC(O)(P(=O)(O)O)P(=O)(O)O,C4H13NO7P2
Methimazole,Cn1ccnc1=S,C4H6N2S
Ezetimibe,O=C1C(CCC(O)c2ccc(F)cc2)C(c2ccc(F)cc2)N1c1ccc(O)cc1,C24H21F2NO3
Donepezil,COc1cc2c(cc1OC)C(=O)C(CC1CCN(Cc3ccccc3)CC1)C2,C24H29NO3
Pramipexole,CCCNC1CCc2nc(N)sc2C1,C10H17N3S
Levodopa,NC(Cc1ccc(O)c(O)c1)C(=O)O,C9H11NO4
Sumatriptan,CNS(=O)(=O)Cc1cc2c([nH]cc2CCN(C)C)cc1,C14H21N3O2S
Cyclobenzaprine,CN(C)CCC=C1c2ccccc2C=Cc2ccccc21,C20H21N
Oxybutynin,O=C(OCCN(CC)CC)C(O)(C1CCCCC1)C#CCC,C22H31NO3
Ondansetron,Cc1nccn1CC1CCc2c(C1=O)c1ccccc1n2C,C18H19N3O
Amitriptyline,CN(C)CCC=C1c2ccccc2CCc2ccccc21,C20H23N
Lamotrigine,Nc1nnc(-c2cccc(Cl)c2Cl)c(N)n1,C9H7Cl2N5
Cetirizine,OC(=O)COCCN1CCN(CC1)C(c1ccccc1)c1ccc(Cl)cc1,C21H25ClN2O3
Pseudoephedrine,CC(NC)C(O)c1ccccc1,C10H15NO
Lidocaine,CCN(CC)CC(=O)Nc1c(C)cccc1C,C14H22N2O
Naloxone,C=CCN1CCC23C4Oc5c(O)ccc(CC1C2(O)CCC4=O)c35,C19H21NO4
Loperamide,CN(C)C(=O)C(CCN1CCC(O)(c2ccc(Cl)cc2)CC1)(c1ccccc1)c1ccccc1,C29H33ClN2O2
