drug_name,primary_target,target_family
Alprazolam,GABA-A receptor (benzodiazepine site),GABA-A receptor
Amlodipine,L-type calcium channel (Cav1.2),L-type calcium channel
Amoxicillin,Penicillin-binding proteins,Penicillin-binding proteins
Aspirin,Cyclooxygenase (COX-1/COX-2),Cyclooxygenase (COX)
Atorvastatin,HMG-CoA reductase,HMG-CoA reductase
Azithromycin,Bacterial 50S ribosomal subunit,Bacterial ribosome (50S)
Bupropion,Norepinephrine-dopamine reuptake transporter,Norepinephrine-dopamine reuptake transporter
Celecoxib,Cyclooxygenase-2 (COX-2),Cyclooxygenase (COX)
Ciprofloxacin,Bacterial DNA gyrase / topoisomerase IV,Bacterial DNA gyrase/topoisomerase
Clopidogrel,P2Y12 platelet receptor,P2Y12 receptor
Diazepam,GABA-A receptor (benzodiazepine site),GABA-A receptor
Diphenhydramine,Histamine H1 receptor,Histamine H1 receptor
Duloxetine,Serotonin-norepinephrine reuptake transporter,Serotonin-norepinephrine reuptake transporter
Dutasteride,5-alpha reductase (types 1 and 2),5-alpha reductase
Enalapril,Angiotensin-converting enzyme (ACE),Angiotensin-converting enzyme (ACE)
Famotidine,Histamine H2 receptor,Histamine H2 receptor
Finasteride,5-alpha reductase (type 2),5-alpha reductase
Fluoxetine,Serotonin reuptake transporter (SERT),Serotonin reuptake transporter (SERT)
Gabapentin,Voltage-gated calcium channel (alpha2-delta subunit),Voltage-gated calcium channel (alpha2-delta)
Hydralazine,Direct vasodilator (molecular mechanism not fully resolved),Direct vasodilator (unresolved mechanism)
Hydrocortisone,Glucocorticoid receptor,Glucocorticoid receptor
Hydroxyzine,Histamine H1 receptor,Histamine H1 receptor
Ibuprofen,Cyclooxygenase (COX-1/COX-2),Cyclooxygenase (COX)
Lenalidomide,Cereblon (CRBN) / E3 ubiquitin ligase complex,Cereblon (CRBN)
Levothyroxine,Thyroid hormone receptor,Thyroid hormone receptor
Lisinopril,Angiotensin-converting enzyme (ACE),Angiotensin-converting enzyme (ACE)
Loratadine,Histamine H1 receptor,Histamine H1 receptor
Losartan,Angiotensin II receptor type 1 (AT1),Angiotensin II receptor (AT1)
Metformin,AMP-activated protein kinase (AMPK) / mitochondrial complex I,AMP-activated protein kinase (AMPK)
Methylphenidate,Dopamine-norepinephrine reuptake transporter,Dopamine-norepinephrine reuptake transporter
Metoprolol,Beta-1 adrenergic receptor,Beta-1 adrenergic receptor
Minoxidil,ATP-sensitive potassium channel (KATP),ATP-sensitive potassium channel (KATP)
Modafinil,Dopamine reuptake transporter (DAT),Dopamine reuptake transporter (DAT)
Morphine,Mu-opioid receptor,Mu-opioid receptor
Naproxen,Cyclooxygenase (COX-1/COX-2),Cyclooxygenase (COX)
Olanzapine,Dopamine D2 / Serotonin 5-HT2A receptors,Dopamine D2 / Serotonin 5-HT2A receptors
Omeprazole,H+/K+-ATPase (gastric proton pump),H+/K+-ATPase (proton pump)
Oxycodone,Mu-opioid receptor,Mu-opioid receptor
Paroxetine,Serotonin reuptake transporter (SERT),Serotonin reuptake transporter (SERT)
Pomalidomide,Cereblon (CRBN) / E3 ubiquitin ligase complex,Cereblon (CRBN)
Prednisone,Glucocorticoid receptor,Glucocorticoid receptor
Pregabalin,Voltage-gated calcium channel (alpha2-delta subunit),Voltage-gated calcium channel (alpha2-delta)
Propranolol,Beta-adrenergic receptor (non-selective),Beta-adrenergic receptor (non-selective)
Quetiapine,Dopamine D2 / Serotonin 5-HT2A receptors,Dopamine D2 / Serotonin 5-HT2A receptors
Raloxifene,Estrogen receptor (selective modulator),Estrogen receptor (SERM)
Risperidone,Dopamine D2 / Serotonin 5-HT2A receptors,Dopamine D2 / Serotonin 5-HT2A receptors
Rosuvastatin,HMG-CoA reductase,HMG-CoA reductase
Sertraline,Serotonin reuptake transporter (SERT),Serotonin reuptake transporter (SERT)
Sildenafil,Phosphodiesterase type 5 (PDE5),Phosphodiesterase type 5 (PDE5)
Simvastatin,HMG-CoA reductase,HMG-CoA reductase
Sitagliptin,Dipeptidyl peptidase-4 (DPP-4),Dipeptidyl peptidase-4 (DPP-4)
Tadalafil,Phosphodiesterase type 5 (PDE5),Phosphodiesterase type 5 (PDE5)
Tamoxifen,Estrogen receptor (selective modulator),Estrogen receptor (SERM)
Thalidomide,Cereblon (CRBN) / E3 ubiquitin ligase complex,Cereblon (CRBN)
Topiramate,Sodium channels / GABA-A / AMPA-kainate receptors (multi-target),Broad-spectrum anticonvulsant (multi-target)
Tramadol,Mu-opioid receptor (plus SNRI activity),Mu-opioid receptor
Valproate,Sodium channels / GABA transaminase (multi-target),Broad-spectrum anticonvulsant (multi-target)
Vardenafil,Phosphodiesterase type 5 (PDE5),Phosphodiesterase type 5 (PDE5)
Varenicline,Nicotinic acetylcholine receptor (alpha4beta2),Nicotinic acetylcholine receptor (alpha4beta2)
Venlafaxine,Serotonin-norepinephrine reuptake transporter,Serotonin-norepinephrine reuptake transporter
Warfarin,Vitamin K epoxide reductase (VKORC1),Vitamin K epoxide reductase (VKORC1)
Cocaine,"Dopamine, norepinephrine, and serotonin reuptake transporters",Monoamine reuptake transporter (triple: DAT/NET/SERT)
Methamphetamine,Dopamine/norepinephrine transporter (releasing agent),Dopamine-norepinephrine reuptake transporter
Ketamine,NMDA receptor (glutamate-gated ion channel),NMDA receptor
Spironolactone,Mineralocorticoid receptor (aldosterone antagonist),Mineralocorticoid receptor
Ramipril,Angiotensin-converting enzyme (ACE),Angiotensin-converting enzyme (ACE)
Estradiol,Estrogen receptor (agonist),Estrogen receptor (agonist)
Atenolol,Beta-1 adrenergic receptor,Beta-1 adrenergic receptor
Carvedilol,Beta-adrenergic receptor (non-selective) / alpha-1 receptor,Beta-adrenergic receptor (non-selective)
Diltiazem,L-type calcium channel (Cav1.2),L-type calcium channel
Verapamil,L-type calcium channel (Cav1.2),L-type calcium channel
Clonidine,Alpha-2 adrenergic receptor,Alpha-2 adrenergic receptor
Tamsulosin,Alpha-1 adrenergic receptor,Alpha-1 adrenergic receptor
Doxazosin,Alpha-1 adrenergic receptor,Alpha-1 adrenergic receptor
Furosemide,Na-K-Cl cotransporter (NKCC2),Na-K-Cl cotransporter (NKCC2)
Hydrochlorothiazide,Na-Cl cotransporter (NCC),Na-Cl cotransporter (NCC)
Amiodarone,Multiple cardiac ion channels,Multiple cardiac ion channels (multi-target)
Apixaban,Factor Xa,Factor Xa
Rivaroxaban,Factor Xa,Factor Xa
Empagliflozin,Sodium-glucose cotransporter 2 (SGLT2),Sodium-glucose cotransporter 2 (SGLT2)
Glipizide,"Sulfonylurea receptor (KATP channel, SUR1)","Sulfonylurea receptor (KATP channel, SUR1)"
Pioglitazone,PPAR-gamma,PPAR-gamma
Fluconazole,Fungal CYP51 (lanosterol demethylase),Fungal CYP51 (lanosterol demethylase)
Acyclovir,Viral DNA polymerase,Viral DNA polymerase
Oseltamivir,Viral neuraminidase,Viral neuraminidase
Metronidazole,Anaerobic DNA (nitro radical damage),Anaerobic DNA (nitro radical damage)
Doxycycline,Bacterial 30S ribosomal subunit,Bacterial ribosome (30S)
Hydroxychloroquine,Toll-like receptor / lysosomal pH (multi-target),Toll-like receptor / lysosomal pH (multi-target)
Allopurinol,Xanthine oxidase,Xanthine oxidase
Alendronate,Farnesyl pyrophosphate synthase (osteoclast),Farnesyl pyrophosphate synthase (osteoclast)
Methimazole,Thyroid peroxidase,Thyroid peroxidase
Ezetimibe,NPC1L1 (cholesterol transporter),NPC1L1 (cholesterol transporter)
Donepezil,Acetylcholinesterase,Acetylcholinesterase
Pramipexole,Dopamine D2/D3 receptor (agonist),Dopamine D2/D3 receptor (agonist)
Levodopa,Dopamine precursor (converted to dopamine by DOPA decarboxylase),Dopamine precursor (multi-target)
Sumatriptan,Serotonin 5-HT1B/1D receptor (agonist),Serotonin 5-HT1B/1D receptor (agonist)
Cyclobenzaprine,Brainstem alpha-adrenergic modulation (multi-target),Brainstem alpha-adrenergic modulation (multi-target)
Oxybutynin,Muscarinic acetylcholine receptor (M3),Muscarinic acetylcholine receptor (M3)
Ondansetron,Serotonin 5-HT3 receptor (antagonist),Serotonin 5-HT3 receptor (antagonist)
Amitriptyline,Monoamine reuptake transporter (multi-target),"Monoamine reuptake transporter (TCA, multi-target)"
Lamotrigine,Voltage-gated sodium channel (neuronal),Voltage-gated sodium channel (neuronal)
Cetirizine,Histamine H1 receptor,Histamine H1 receptor
Pseudoephedrine,Alpha/beta adrenergic receptor (releasing agent),Alpha/beta adrenergic receptor (releasing agent)
Lidocaine,"Voltage-gated sodium channel (neuronal, local)","Voltage-gated sodium channel (neuronal, local)"
Naloxone,Mu-opioid receptor (antagonist),Mu-opioid receptor
Loperamide,Mu-opioid receptor (peripherally restricted),Mu-opioid receptor
