drug_name,therapeutic_category
Alprazolam,Benzodiazepine
Amlodipine,Calcium channel blocker (antihypertensive)
Amoxicillin,Penicillin antibiotic
Aspirin,NSAID / antiplatelet
Atorvastatin,Statin (lipid-lowering)
Azithromycin,Macrolide antibiotic
Bupropion,Atypical antidepressant / smoking cessation aid
Celecoxib,NSAID (COX-2 selective)
Ciprofloxacin,Fluoroquinolone antibiotic
Clopidogrel,Antiplatelet agent
Diazepam,Benzodiazepine
Diphenhydramine,Antihistamine (first-generation)
Duloxetine,SNRI antidepressant
Dutasteride,5-alpha reductase inhibitor
Enalapril,ACE inhibitor (antihypertensive)
Famotidine,H2 receptor antagonist (antacid)
Finasteride,5-alpha reductase inhibitor
Fluoxetine,SSRI antidepressant
Gabapentin,Anticonvulsant / neuropathic pain agent
Hydralazine,Direct vasodilator (antihypertensive)
Hydrocortisone,Corticosteroid
Hydroxyzine,Antihistamine (anxiolytic)
Ibuprofen,NSAID
Lenalidomide,Immunomodulatory agent (oncology)
Levothyroxine,Thyroid hormone replacement
Lisinopril,ACE inhibitor (antihypertensive)
Loratadine,Antihistamine (second-generation)
Losartan,Angiotensin receptor blocker (antihypertensive)
Metformin,Biguanide (antidiabetic)
Methylphenidate,CNS stimulant (ADHD)
Metoprolol,Beta blocker (antihypertensive)
Minoxidil,Direct vasodilator (antihypertensive / hair loss)
Modafinil,Wakefulness-promoting agent
Morphine,Opioid analgesic
Naproxen,NSAID
Olanzapine,Atypical antipsychotic
Omeprazole,Proton pump inhibitor
Oxycodone,Opioid analgesic
Paroxetine,SSRI antidepressant
Pomalidomide,Immunomodulatory agent (oncology)
Prednisone,Corticosteroid
Pregabalin,Anticonvulsant / neuropathic pain agent
Propranolol,Beta blocker (antihypertensive)
Quetiapine,Atypical antipsychotic
Raloxifene,Selective estrogen receptor modulator (osteoporosis)
Risperidone,Atypical antipsychotic
Rosuvastatin,Statin (lipid-lowering)
Sertraline,SSRI antidepressant
Sildenafil,PDE5 inhibitor
Simvastatin,Statin (lipid-lowering)
Sitagliptin,DPP-4 inhibitor (antidiabetic)
Tadalafil,PDE5 inhibitor
Tamoxifen,Selective estrogen receptor modulator (oncology)
Thalidomide,Immunomodulatory agent (oncology)
Topiramate,Anticonvulsant / migraine prophylaxis
Tramadol,Opioid analgesic
Valproate,Anticonvulsant / mood stabilizer
Vardenafil,PDE5 inhibitor
Varenicline,Smoking cessation aid
Venlafaxine,SNRI antidepressant
Warfarin,Anticoagulant
Cocaine,Local anesthetic / vasoconstrictor (ENT surgery)
Methamphetamine,CNS stimulant (ADHD / obesity)
Ketamine,General anesthetic / rapid-acting antidepressant
Spironolactone,Potassium-sparing diuretic (aldosterone antagonist)
Ramipril,ACE inhibitor (antihypertensive)
Estradiol,Hormone replacement therapy (estrogen)
Atenolol,Beta blocker (antihypertensive)
Carvedilol,"Beta blocker (non-selective, antihypertensive/heart failure)"
Diltiazem,Calcium channel blocker (antihypertensive)
Verapamil,Calcium channel blocker (antihypertensive)
Clonidine,Alpha-2 agonist (antihypertensive)
Tamsulosin,Alpha-1 blocker (BPH)
Doxazosin,Alpha-1 blocker (antihypertensive/BPH)
Furosemide,Loop diuretic (antihypertensive/edema)
Hydrochlorothiazide,Thiazide diuretic (antihypertensive)
Amiodarone,Antiarrhythmic
Apixaban,Anticoagulant (DOAC)
Rivaroxaban,Anticoagulant (DOAC)
Empagliflozin,SGLT2 inhibitor (antidiabetic)
Glipizide,Sulfonylurea (antidiabetic)
Pioglitazone,Thiazolidinedione (antidiabetic)
Fluconazole,Antifungal (triazole)
Acyclovir,Antiviral (herpes)
Oseltamivir,Antiviral (influenza)
Metronidazole,Antibiotic/antiprotozoal (nitroimidazole)
Doxycycline,Tetracycline antibiotic
Hydroxychloroquine,Antimalarial / autoimmune disease agent
Allopurinol,Xanthine oxidase inhibitor (gout)
Alendronate,Bisphosphonate (osteoporosis)
Methimazole,Antithyroid agent
Ezetimibe,Cholesterol absorption inhibitor (lipid-lowering)
Donepezil,Cholinesterase inhibitor (Alzheimer's)
Pramipexole,Dopamine agonist (Parkinson's / restless legs)
Levodopa,Dopamine precursor (Parkinson's)
Sumatriptan,Triptan (migraine)
Cyclobenzaprine,Skeletal muscle relaxant
Oxybutynin,Antimuscarinic (overactive bladder)
Ondansetron,Antiemetic (5-HT3 antagonist)
Amitriptyline,Tricyclic antidepressant (TCA)
Lamotrigine,Anticonvulsant
Cetirizine,Antihistamine (second-generation)
Pseudoephedrine,Decongestant (sympathomimetic)
Lidocaine,Local anesthetic
Naloxone,Opioid antagonist (overdose reversal)
Loperamide,Antidiarrheal (peripheral opioid agonist)
